contestant,followers_week23,season
Adore Delano,,
Bianca Del Rio,,
Kim Chi,,
Alaska,,
Kim Chi,,
Trixie Mattel,,
Sasha Velour,,
Violet Chachki,,
Alyssa Edwards,,
Courtney Act,,
Aquaria,,
Pearl,,
Miss Fame,977000,
Bob the Drag Queen,974000,
Aja,949000,
Naomi Smalls,935000,
Sharon Needles,926000,
Valentina,909000,
Willam,881000,
Detox,835000,
Shangela,833000,
Jinkx Monsoon,826000,
Milk,812000,
Miz Cracker,803000,
Farrah Moan,793000,
BenDeLaCreme,774000,
Shea Coulee,682000,
Raja,667000,
Kameron Michaels,645000,
Latrice Royale,641000,
Thorgy Thor,585000,
Tatianna,573000,
Manila Luzon,565000,
Blair St. Clair,514000,
Laganja Estranja,503000,
Jujubee,492000,
Trinity Taylor,478000,
Peppermint,473000,
Eureka O'Hara,460000,
Carmen Carrera,454000,
Chi Chi DeVayne,437000,
Phi Phi O'Hara,426000,
Gia Gunn,406000,
Roxxxy Andrews,395000,
Ginger Minj,384000,
Asia O'Hara,366000,
Vanessa Vanjie Mateo,363000,
Nina Bo'Nina Brown,359000,
Chad Michaels,341000,
Bebe Zahara Benet,339000,
Ivy Winters,332000,
April Carrion,310000,
Derrick Barry,300000,
Acid Betty,296000,
Cynthia Lee Fontaine,289000,
Kimora Blac,281000,
Max,277000,
Pandora Boxx,262000,
Monique Heart,255000,
Dusty Ray Bottoms,250000,
Raven,242000,
Laila McQueen,241000,
Morgan McMichaels,241000,
Trinity K. Bonet,227000,
Kennedy Davenport,227000,
Joslyn Fox,224000,
Mayhem Miller,215000,
Yuhua Hamasaki,214000,
Yara Sofia,202000,
The Vixen,195000,
Jasmine Masters,193000,
Alexis Michelle,179000,
Ongina,162000,
Charlie Hides,160000,
Mrs. Kasha Davis,159000,
Tammie Brown,157000,
Tempest DuJour,135000,
Jaymes Mansfield,135000,
Kalorie Karbdashian Williams,132000,
Jiggly Caliente,131000,
Jaidynn Diore Fierce,130000,
Coco Montrese,129000,
Kandy Ho,127000,
Darienne Lake,123000,
Jade Jolie,120000,
Delta Work,116000,
Alexis Mateo,115000,
Nina Flowers,105000,
Robbie Turner,104000,
Stacy Layne Matthews,,
Jessica Wild,,
Naysha Lopez,,
Vivacious,,
Sonique,,
The Princess,,
Dax!,,
Sasha Belle,,
Mariah Balenciaga,,
India Ferrah,,
Mimi Imfurst,,
Dida Ritz,,
Shannel,,
Kelly Mantle,,
Lineysha Sparx,,
Monica Beverly Hillz,,
Kenya Michaels,,
LaShauwn Beyond,,
Honey Mahogany,,
Jade Sotomayor,,
Vivienne Pinay,,
Mystique Summers Madison,,
Nicole Paige Brooks,,
Serena ChaCha,,
"Victoria ""Porkchop"" Parker",,
Magnolia Crawford,,
Phoenix,,
Venus D-Lite,,
Madame LaQueer,,
Penny Tration,,
Rebecca Glasscock,,
Milan,,
Akashia,,
Tyra Sanchez,,
Alisa Summers,,
